"","AbsOrder","SeaNum","EpiNum","EpiTitle","AirDate","WritBy","DirBy","EpiPlot","imdbRating","imdbVotes","EpiLength"
"1",1,"1","1","The Gang Gets Racist","04 Aug 2005","Charlie Day, Rob McElhenney","John Fortenberry","The guys hire Dee's friend as a promoter for the bar and get more than they bargained for. Charlie seeks black friends to prove he isn't a racist.","8.6","1058","22 min"
"2",2,"1","2","Charlie Wants an Abortion","11 Aug 2005","Charlie Day, Rob McElhenney","John Fortenberry","In this take on the abortion debate Dennis and Mac go to opposite sides of an abortion rally to pick up women while Charlie deals with an unruly kid he believes to be his son.","8.7","917","22 min"
"3",3,"1","3","Underage Drinking: A National Concern","16 Aug 2005","Charlie Day (story), Rob McElhenney (story), Rob McElhenney","Daniel Attias","The gang turns Paddy's into a safe haven for teens, but things get weird when they all get asked to the local high school prom.","8.7","925","22 min"
"4",4,"1","4","Charlie Has Cancer","23 Aug 2005","Rob McElhenney","Rob McElhenney","When Charlie confidentially confides that he has cancer, it leads to a series of instances of the guys manipulating women and one gorgeous transsexual (not a transvestite).","8.5","858","22 min"
"5",5,"1","5","Gun Fever","30 Aug 2005","Glenn Howerton (story), Rob McElhenney (story), Glenn Howerton","Daniel Attias","When Paddy's gets robbed, the gang decides to purchase a gun with many issues. At the same time Dee is dating a mysterious man which the gang suspects to be the robber.","8.5","760","21 min"
"6",6,"1","6","The Gang Finds a Dead Guy","06 Sep 2005","Charlie Day (story), Glenn Howerton (story), Rob McElhenney (story), Rob McElhenney","Daniel Attias","A guy dies in Paddy's pub. Dennis and Mac use the guy's death as an excuse to get close to the guy's attractive granddaughter. Meanwhile, Charlie discovers that Dennis and Dee's grandfather was a Nazi.","8.6","765","22 min"
"7",7,"1","7","Charlie Got Molested","13 Sep 2005","Charlie Day (story), Rob McElhenney (story), Rob McElhenney","John Fortenberry","The gang learns that Charlie's former elementary school teacher is on trial for child molestation and they attempt to stage an intervention to get Charlie to admit that he was.","8.8","822","19 min"
"8",8,"2","1","Charlie Gets Crippled","29 Jun 2006","Charlie Day (story), Glenn Howerton (story), Rob McElhenney (story), Rob McElhenney","Rob McElhenney","The gang discovers the perks of being handicapped when Charlie becomes wheel-chair bound after an accident. Dennis and Dee's estranged father returns.","8.8","813","23 min"
"9",9,"2","2","The Gang Goes Jihad","29 Jun 2006","Charlie Day (story), Glenn Howerton (story), Rob McElhenney (story), Rob McElhenney","Daniel Attias","When half of Paddy's gets bought out by a business developer, the gang seeks revenge. Unfortunately, an ill-timed dog-napping plot, a poorly made video tape, and a flaming bag of poop threaten the gang's chances of getting their property back.","8.8","801","23 min"
"10",10,"2","3","Dennis and Dee Go on Welfare","06 Jul 2006","Charlie Day (story), Glenn Howerton (story), Rob McElhenney (story), Rob McElhenney","Daniel Attias","Dennis and Dee quit their jobs and concoct a plan to get welfare benefits so they can pursue their unrealistic goals and dreams.","9.1","938","22 min"
"11",11,"2","4","Mac Bangs Dennis' Mom","06 Jul 2006","Charlie Day, Glenn Howerton","Daniel Attias","Tensions run high in the gang when Mac courts Dennis and Dee's mom and the two organize a stakeout to blackmail Frank and get out of ""Charlie work"".","9.3","935","24 min"
"12",12,"2","5","Hundred Dollar Baby","13 Jul 2006","Charlie Day, Glenn Howerton, Rob McElhenney","Daniel Attias","Inspired by the movie ""Million Dollar Baby"", Frank teaches Dee to inflict punishment while Dennis and Mac teach Charlie to take punishment. But both fighting careers are derailed by the use of ""performance enhancing supplements"".","9.0","854","23 min"
"13",13,"2","6","The Gang Gives Back","20 Jul 2006","Charlie Day","Daniel Attias","After being arrested for arson, Charlie is sentenced to community service and required to attend AA. Here he makes a discovery that could assist him in his ongoing effort to connect with the Waitress.","8.8","727","23 min"
"14",14,"2","7","The Gang Exploits a Miracle","27 Jul 2006","Charlie Day, Eric Falconer, Chris Romano","Daniel Attias","Frank tries to cavort the holy crowd when Mac discovers a water stain on Paddy's wall that closely resembles the Virgin Mary.","8.2","634","23 min"
"15",15,"2","8","The Gang Runs for Office","03 Aug 2006","David Hornsby","Daniel Attias","When the gang discovers that if you run for office that people will pay you to quit. So of course, the gang exploits this and so Dennis runs for office. While at the same time Frank and Charlie tries to stop this, which ends up in a feud.","8.3","631","24 min"
"16",16,"2","9","Charlie Goes America All Over Everybody's Ass","10 Aug 2006","Charlie Day, Rob McElhenney","Daniel Attias","To prove their patriotism, Charlie and Dee try to upstage the local anti-smoking group, while Dennis and Mac turn Paddy's into a bastion of true freedom. But when Frank takes things too far...","8.8","692","22 min"
"17",17,"2","10","Dennis and Dee Get a New Dad","17 Aug 2006","Charlie Day (story), Rob McElhenney (story), Rob McElhenney","Daniel Attias","When Dennis and Dee discover their mother has lied to them about Frank being their dad, they get to know their real father. Meanwhile, Mac and Charlie attempt to impress Mac's imprisoned father by becoming hardened criminals.","8.8","652","24 min"
"18",18,"3","1","The Gang Finds a Dumpster Baby","13 Sep 2007","Charlie Day, Rob McElhenney","Jerry Levine","Mac and Dee decide to raise a baby they find in the dumpster. Dennis talks some trash while going green and befriending radical environmentalist groups, while Charlie and Frank go dumpster-diving.","8.8","698","22 min"
"19",19,"3","2","The Gang Gets Invincible","13 Sep 2007","Charlie Day, David Hornsby, Glenn Howerton","Fred Savage","Dennis, Mac, and Dee take part in the Philadelphia Eagles' open tryouts, while Frank drops acid and freaks out when he and Charlie tailgate next to the McPoyles.","9.0","764","22 min"
"20",20,"3","3","Dennis and Dee's Mom Is Dead","20 Sep 2007","David Hornsby, Rob McElhenney","Matt Shakman","After Dennis and Dee's gold-digging mother dies from a botched plastic-surgery operation, Dee and Frank scheme to get their name in the will, while Dennis inherits the house and makes plans for a party mansion.","8.6","614","30 min"
"21",21,"3","4","The Gang Gets Held Hostage","20 Sep 2007","Rob McElhenney (teleplay), Lisa Parsons (story)","Fred Savage","Charlie, Mac, Dennis and Dee are held hostage in the bar by a revenge-seeking Liam McPoyle along with his dim-witted brother, Ryan, and his ugly, deaf and dumb cousin, Margaret, who subject...","9.0","802","30 min"
"22",22,"3","5","The Aluminum Monster vs. Fatty Magoo","27 Sep 2007","Charlie Day, Glenn Howerton","Fred Savage","Dee discovers that her old high school friend ""Fatty McGoo,"" the only girl in school who was a bigger loser than she was, is now a successful fashion designer. She and Dennis compete to ...","8.3","622","22 min"
"23",23,"3","6","The Gang Solves the North Korea Situation","27 Sep 2007","Charlie Day, Scott Marder, Rob Rosell","Fred Savage","As they prepare for the annual Pub Crawl, the gang is horrified to learn that they face competition from a new Korean bar.","8.7","633","22 min"
"24",24,"3","7","The Gang Sells Out","04 Oct 2007","Charlie Day, David Hornsby","Matt Shakman","A corporate chain offers to buy the Paddy's Pub, leaving Dee and Charlie unemployed and forcing them to find jobs at another restaurant, where they abuse their positions and take advantage of the manager, who is Dee's friend.","8.5","581","22 min"
"25",25,"3","8","Frank Sets Sweet Dee on Fire","04 Oct 2007","Scott Marder (teleplay), Rob Rosell (teleplay), Rob McElhenney (story)","Fred Savage","In their quest to become famous, Frank, Charlie, and Mac, search for newsworthy footage to air on public access.","8.7","623","22 min"
"26",26,"3","9","Sweet Dee's Dating a Retarded Person","11 Oct 2007","Scott Marder (teleplay), Rob Rosell (teleplay), Glenn Howerton (story)","Jerry Levine","While Dennis and Dee try to figure out if the rapper Dee is dating has a mental handicap or not, Charlie, Mac, and Frank try to start their own band without knowledge of how to play musical instruments.","9.3","1028","22 min"
"27",27,"3","10","Mac Is a Serial Killer","18 Oct 2007","David Hornsby (teleplay), Charlie Day (story)","Jerry Levine","After reading that a serial killer is on the loose, the gang notices that Mac is acting shady and decides to find out if he's the man behind the murders.","9.1","789","22 min"
"28",28,"3","11","Dennis Looks Like a Registered Sex Offender","25 Oct 2007","Rob McElhenney","Jerry Levine","Dennis is angry because he's being mistaken for a fat guy rather than the sex offender who moved next door to Charlie. Meanwhile, Mac's father is released from prison and he and Mac have some catching up to do.","8.7","594","22 min"
"29",29,"3","12","The Gang Gets Whacked: Part 1","01 Nov 2007","Glenn Howerton, Scott Marder, Rob Rosell","Matt Shakman","After stumbling upon a kilo of cocaine, the gang is forced to pay off a $25,000 debt to the mob. Mac becomes a mob informant, while Frank pimps out Dennis as an escort at the local country ...","8.5","520","22 min"
"30",30,"3","13","The Gang Gets Whacked: Part 2","01 Nov 2007","Scott Marder, Rob Rosell","Matt Shakman","While paying off their debt to the mob, Charlie and Dee try to find a way to make fake cocaine in order to fool them, while Dennis ranks in thousands of dollars being pimped out at the ...","8.7","509","22 min"
"31",31,"3","14","Bums: Making a Mess All Over the City","15 Nov 2007","Charlie Day, David Hornsby","Jerry Levine","Dee and Mac become Guardian Angels and clean up the streets when a bum starts using the alley behind the bar to masturbate. Meanwhile, Dennis, Charlie, and Frank impersonate police officers in order to get preferential treatment.","8.8","612","22 min"
"32",32,"3","15","The Gang Dances Their Asses Off","15 Nov 2007","David Hornsby, Scott Marder, Rob Rosell","Matt Shakman","After Charlie accidentally puts Paddy's Pub up for 1st prize in a local dance competition, Frank makes the gang participate in the contest. Here, they form alliances and try to cheat the ...","9.1","756","22 min"
"33",33,"4","1","Mac and Dennis: Manhunters","18 Sep 2008","Charlie Day, Jordan Young, Elijah Aron","Fred Savage","Mac and Dennis pursue the ultimate high of hunting another man by stalking Rickety Cricket, while Dee and Charlie become obsessed with eating human flesh after they come to believe Frank has fed some of it to them.","8.6","655","22 min"
"34",34,"4","2","The Gang Solves the Gas Crisis","18 Sep 2008","Charlie Day, Sonny Lee, Patrick Walsh","Matt Shakman","While Mac, Dennis, and Charlie use their classic setup to sell gallons of gasoline door to door, Frank subjects Dee to a series of torture and mind games when he suspects that Dee is trying to kill him while the two plot to steal their inheritance from Bruce Mathis.","9.2","863","22 min"
"35",35,"4","3","America's Next Top Paddy's Billboard Model Contest","25 Sep 2008","Charlie Day, Rob McElhenney, Adam Stein","Fred Savage","After buying a billboard, Frank subjects Dennis to a series of humiliating tests in a competition to get on the billboard, while Mac tries to find female subjects willing to go through his own version of a reality show, of sorts.","8.7","585","22 min"
"36",36,"4","4","Mac's Banging the Waitress","25 Sep 2008","David Hornsby","Matt Shakman","Charlie manipulates Mac and Dennis when he accuses the two of them with sleeping with the coffee shop waitress.","8.8","564","22 min"
"37",37,"4","5","Mac & Charlie Die: Part 1","02 Oct 2008","Charlie Day, Glenn Howerton, Rob McElhenney","Fred Savage, Matt Shakman","After Mac's father is released from prison, Mac and Charlie stage their own deaths to save their lives.","9.1","607","22 min"
"38",38,"4","6","Mac & Charlie Die: Part 2","02 Oct 2008","Charlie Day, Glenn Howerton, Rob McElhenney","Fred Savage","After Mac and Charlie fake their own deaths, the rest of the gang finds unique ways of dealing with the loss.","8.8","533","22 min"
"39",39,"4","7","Who Pooped the Bed?","09 Oct 2008","Rob McElhenney, Scott Marder, Rob Rosell","Fred Savage","Frank and Charlie find someone has pooped in their bed, leading Mac and Dennis to join them as they attempt to find the culprit.","8.5","698","22 min"
"40",40,"4","8","Paddy's Pub: The Worst Bar in Philadelphia","16 Oct 2008","Scott Marder, Rob Rosell, David Hornsby","Matt Shakman","The gang kidnaps the writer of a review claiming that Paddy's is the worst bar in Philadelphia and tries to force him to change his mind. But things get worse when Charlie accidentally kidnaps the writer's neighbor.","8.7","558","22 min"
"41",41,"4","9","Dennis Reynolds: An Erotic Life","23 Oct 2008","Glenn Howerton, Scott Marder, Rob Rosell","Fred Savage","While Frank and Mac come up with ways to spice up Dennis' erotic memoir, Dee finds that spending time in Charlie's shoes is way more difficult than it seems, and vice-versa.","8.6","547","22 min"
"42",42,"4","10","Sweet Dee Has a Heart Attack","30 Oct 2008","Scott Marder, Rob Rosell","Matt Shakman","After Dee suffers a heart attack, she and Dennis try a healthier lifestyle. Charlie and Mac join the corporate work force to get health insurance.","8.8","591","22 min"
"43",43,"4","11","The Gang Cracks the Liberty Bell","06 Nov 2008","Rob McElhenney, Glenn Howerton, David Hornsby","Matt Shakman","In order to get Paddy's recognized by the city as a historical landmark, Mac, Dennis, and Charlie flash back to 1776 to tell the tale of the Paddy's crew's involvement in the cracking of the Liberty Bell.","8.1","559","22 min"
"44",44,"4","12","The Gang Gets Extreme: Home Makeover Edition","13 Nov 2008","Charlie Day, David Hornsby, Glenn Howerton","Fred Savage","While trying to make their own dreams come true, the gang decides to pay it forward to an unlucky family living in the city only to have their plans backfire on them.","8.6","540","22 min"
"45",45,"4","13","The Nightman Cometh","20 Nov 2008","Rob McElhenney, Glenn Howerton, Charlie Day","Matt Shakman","Charlie stages a rock opera based on his song ""Nightman,"" and recruits the rest of the gang to help him with it.","9.6","1415","22 min"
"46",46,"5","1","The Gang Exploits the Mortgage Crisis","17 Sep 2009","Becky Mann, Audra Sielaff","Randall Einhorn","While Frank buys a foreclosed house with intentions of selling it for profit, Mac and Dennis become hot-headed real estate brokers, and Dee takes advantage of a suburban couple looking to hire a surrogate mother.","8.4","569","22 min"
"47",47,"5","2","The Gang Hits the Road","24 Sep 2009","Glenn Howerton, Charlie Day","Fred Savage","The gang takes Dee's new subcompact car and a U-haul on the road with the intentions of hitting the Grand Canyon, and Charlie attempts to expand his horizons.","9.1","680","22 min"
"48",48,"5","3","The Great Recession","01 Oct 2009","David Hornsby","Fred Savage","Mac and Dennis try to cut back Paddy's expenses by firing Dee and Charlie, and Frank figures out a clever way to keep the bar afloat.","8.2","481","22 min"
"49",49,"5","4","The Gang Gives Frank an Intervention","08 Oct 2009","Scott Marder, Rob Rosell","Fred Savage","After Frank embarrasses himself at the funeral of a deceased relative, Dennis and Dee decide that it's finally time to give him an intervention for his reckless lifestyle.","8.9","618","22 min"
"50",50,"5","5","The Waitress Is Getting Married","15 Oct 2009","Glenn Howerton, Charlie Day","Fred Savage","Dee discovers that the waitress Charlie is obsessed with is getting married to her ex-boyfriend and plots to derail the wedding, while Mac, Frank and Dennis try to get Charlie back on the dating scene.","8.8","626","22 min"
"51",51,"5","6","The World Series Defense","22 Oct 2009","David Hornsby","Randall Einhorn","Fighting a series of traffic tickets, Dennis, along with the rest of the gang, tell the judge about their horrific experiences at Game 5 of the Phillies' world series.","8.4","489","22 min"
"52",52,"5","7","The Gang Wrestles for the Troops","29 Oct 2009","Scott Marder, Rob Rosell","Randall Einhorn, Fred Savage","The gang decides to put on a wrestling show for troops returning home while Dee courts a soldier who doesn't seem like the person she's chatting online with.","8.5","515","22 min"
"53",53,"5","8","Paddy's Pub: Home of the Original Kitten Mittens","05 Nov 2009","Sonny Lee, Patrick Walsh","Randall Einhorn","The gang attempts to create a merchandising angle for Paddy's when a convention comes to Philly.","9.0","641","30 min"
"54",54,"5","9","Mac and Dennis Break Up","12 Nov 2009","Scott Marder, Rob Rosell","Fred Savage","Taking Dee's advice seriously, Mac and Dennis decide that they're too co-dependent on each other and need to spend time apart. Meanwhile Charlie and Frank help Dee out with a major cat problem in her apartment.","8.5","492","22 min"
"55",55,"5","10","The D.E.N.N.I.S. System","19 Nov 2009","David Hornsby, Scott Marder, Rob Rosell","Randall Einhorn","Dennis presents his fool-proof plan for picking up chicks, but soon finds that the gang each has their own fool-proof plans for one-upping each other.","9.2","770","22 min"
"56",56,"5","11","Mac and Charlie Write a Movie","03 Dec 2009","Glenn Howerton, Rob McElhenney","Randall Einhorn","After Dee gets cast as an extra in the new M. Night Shyamalan movie, Mac and Charlie see a perfect opportunity to pitch their script, while Frank becomes a casting agent for Dennis.","8.3","490","22 min"
"57",57,"5","12","The Gang Reignites the Rivalry","10 Dec 2009","Dave Chernin, Charlie Day","Randall Einhorn","Mac, Dennis, and Charlie seek revenge on another bar after their 10 year ban in a local flip cup tournament is lifted, but find they are in need of some serious practice. Dee discovers new skills and Frank wears tight pants.","8.6","502","22 min"
"58",58,"6","1","Mac Fights Gay Marriage","16 Sep 2010","Becky Mann, Audra Sielaff","Randall Einhorn","Mac pulls out the big guns to protect the sanctity of marriage, while the rest of the gang reap the rewards of marital bliss.","8.0","523","22 min"
"59",59,"6","2","Dennis Gets Divorced","23 Sep 2010","Dave Chernin, John Chernin","Randall Einhorn","Marital bliss turns to marital business, as the gang experiences the emotional and economic tribulations of divorce.","7.8","464","22 min"
"60",60,"6","3","The Gang Buys a Boat","30 Sep 2010","Charlie Day, Rob McElhenney","Randall Einhorn","The gang attempts to open themselves up to the adventures of the sea after they purchase their 'new' boat.","8.8","587","22 min"
"61",61,"6","4","Mac's Big Break","07 Oct 2010","Rob Rosell","Randall Einhorn","After Mac wins a radio contest to score a goal on the Flyers' ice, he and Charlie train for the event - badly, while Dennis and Dee start their own radio program.","8.4","470","22 min"
"62",62,"6","5","Mac and Charlie: White Trash","14 Oct 2010","Luvh Rakhe","Randall Einhorn","Mac & Charlie attempt to fix up their old pool after getting rejected by a country club, Dennis, Dee, and Frank attempt to gain entry to the club.","8.2","457","22 min"
"63",63,"6","6","Mac's Mom Burns Her House Down","21 Oct 2010","Scott Marder, Rob Rosell","Matt Shakman","Charlie and Mac set-up a truly odd couple after Mac's Mom burns the house down, while Frank discovers the importance of paternal care when Dee falls ill.","8.0","446","22 min"
"64",64,"6","7","Who Got Dee Pregnant?","28 Oct 2010","Charlie Day, Rob McElhenney","Randall Einhorn","The gang gets a real 'scare' after Dee reveals she's pregnant, forcing the guys to recall their last hazy Halloween Party to determine if one of them might be the father.","9.0","588","22 min"
"65",65,"6","8","The Gang Gets a New Member","04 Nov 2010","David Hornsby","Matt Shakman","A blast from the past prompts the guys to expand membership, and Dee to re-consider her future.","8.1","442","22 min"
"66",66,"6","9","Dee Reynolds: Shaping America's Youth","11 Nov 2010","David Hornsby","Matt Shakman","Motivated by the drama teacher who inspired her, Dee takes a job as a substitute teacher and exposes her students to the culture of Paddy's with a field trip to see the Gang's take on the Lethal Weapon series: Lethal Weapon 5.","8.9","552","22 min"
"67",67,"6","10","Charlie Kelly: King of the Rats","18 Nov 2010","Scott Marder, Rob Rosell","Matt Shakman","When keeping the basement rodent-free drives Charlie to the brink, the gang decides to put the cynicism aside and throw a surprise party to cheer him up.","8.5","479","22 min"
"68",68,"6","11","The Gang Gets Stranded in the Woods","02 Dec 2010","Scott Marder (teleplay), Rob Rosell (teleplay), Luvh Rakhe (story)","Matt Shakman","Things go awry as the Gang travels to Atlantic City for a charity benefit. While Frank, Dee and Mac try to survive in the woods, Dennis and Charlie hitch a ride to the city and have the night of their lives.","8.6","458","22 min"
"69",69,"6","12","Dee Gives Birth","09 Dec 2010","David Hornsby, Becky Mann, Audra Sielaff","Matt Shakman","Before Dee's baby arrives, The Gang tries to figure out who is the father by throwing a house party for all her former flings.","8.6","445","22 min"
"70",70,"6","13","A Very Sunny Christmas","09 Dec 2010","David Hornsby, Becky Mann, Audra Sielaff, Charlie Day, Chadd Gindin (staff writer)","Fred Savage, Matt Shakman","After years of being mistreated by Frank during the holiday season when he buys gifts for himself, Dennis and Dee decide to teach him a lesson by contacting his old business partner, Eugene...","9.1","1691","43 min"
"71",71,"7","1","Frank's Pretty Woman","15 Sep 2011","Scott Marder, Rob Rosell","Matt Shakman","When Frank decides to marry a prostitute, the gang tries to uncover her heart of gold.","8.8","678","22 min"
"72",72,"7","2","The Gang Goes to the Jersey Shore","22 Sep 2011","Dave Chernin, John Chernin","Matt Shakman","Dennis and Dee take the gang to their favorite childhood vacation spot, but things aren't quite how they remembered them.","9.1","741","22 min"
"73",73,"7","3","Frank Reynolds' Little Beauties","29 Sep 2011","Scott Marder, Rob Rosell","Matt Shakman","The gang hosts a child beauty pageant at the bar.","8.3","596","30 min"
"74",74,"7","4","Sweet Dee Gets Audited","06 Oct 2011","Rob McElhenney, Glenn Howerton, Charlie Day","Matt Shakman","Dee faces an IRS audit over her claim that the baby she carried as a surrogate is her dependent, while the guys decide to run the bar in an unemotional, democratic manner rather than their typical method of shouting and personal attacks.","8.0","467","22 min"
"75",75,"7","5","Frank's Brother","13 Oct 2011","David Hornsby","Matt Shakman","When Frank's long lost brother Gino shows up at the bar, the two of them tell the gang about the jazz club they ran in the 1960s and 70s, and how they fell out over Shadynasty, a singer who was the love of both of their lives.","7.1","586","22 min"
"76",76,"7","6","The Storm of the Century","20 Oct 2011","Charlie Hornsby","Matt Shakman","As a hurricane threatens Philadelphia, Mac, Dennis and Charlie go to a mall to buy supplies and check out the large breasted TV reporter broadcasting from there, while Frank and Dee prepare Paddy's, and its basement bunker, for the storm.","8.3","551","22 min"
"77",77,"7","7","Chardee MacDennis: The Game of Games","27 Oct 2011","Charlie Day, Rob McElhenney","Matt Shakman","On a day of ultimate boredom and listlessness, the gang breaks out a homemade board game, created by Mac, Dee, Charlie, and Dennis.","9.0","726","22 min"
"78",78,"7","8","The ANTI-Social Network","03 Nov 2011","Charlie Day, Glenn Howerton","Matt Shakman","The gang's plan to use Facebook to promote Paddy's goes awry when they become obsessed with tracking down a man who shushed them while they were visiting a trendy new club.","8.5","451","22 min"
"79",79,"7","9","The Gang Gets Trapped","10 Nov 2011","Luvh Rakhe","Matt Shakman","Inspired by Indiana Jones, Dennis, Dee, and Frank sneak into a house supposed to contain a rare vase, but become trapped when the owners return home early.","8.7","500","22 min"
"80",80,"7","10","How Mac Got Fat","17 Nov 2011","Scott Marder, Mehar Sethi","Randall Einhorn, Matt Shakman","During confession, Mac tells a priest how Paddy's sudden spell of success resulted in him becoming fat, and why the rest of the gang is to blame.","8.0","417","22 min"
"81",81,"7","11","Thunder Gun Express","01 Dec 2011","Dave Chernin, John Chernin","Matt Shakman","A presidential visit to Philadelphia threatens to keep the gang from seeing a new action movie, leaving Dennis stuck in traffic, Frank stealing a boat, and Dee and Charlie prowling the city's sewers.","8.8","543","22 min"
"82",82,"7","12","The High School Reunion","08 Dec 2011","Glenn Howerton, Rob McElhenney","Matt Shakman","The gang attends their high school reunion, at which Dee manages to ingratiate herself with the popular crowd, Charlie and Mac get picked on, and Dennis is ignored by everyone.","8.3","423","22 min"
"83",83,"7","13","The High School Reunion Part 2: The Gang's Revenge","15 Dec 2011","Glenn Howerton, Rob McElhenney","Matt Shakman","Humiliated by the popular crowd at their high school reunion, the gang attempts to gain revenge, with predictably disastrous results.","8.4","448","22 min"
"84",84,"8","1","Pop-Pop: The Final Solution","11 Oct 2012","Charlie Day, Glenn Howerton, Rob McElhenney","Matt Shakman","Dennis and Dee's Nazi grandfather is wasting away in a hospital, and it's their choice whether to pull the plug or not. Meanwhile, Charlie and Mac go crazy trying to find a dog painting they think has a lot of value.","8.2","515","22 min"
"85",85,"8","2","The Gang Recycles Their Trash","18 Oct 2012","Charlie Day, Glenn Howerton, Rob McElhenney","Matt Shakman","While the city of Philadelphia's garbage men are on strike, Dennis, Mac, and Charlie decide to start a trash pick up business. And while being a big success, they must find out where to put this newly picked up trash.","8.3","438","22 min"
"86",86,"8","3","The Maureen Ponderosa Wedding Massacre","25 Oct 2012","Charlie Day, Glenn Howerton, Rob McElhenney","Richie Keen","When the gang gets questioned on the massacre that happened at the McPoyle wedding, it seems they all have their own story. Which might not all be the same.","8.7","597","22 min"
"87",87,"8","4","Charlie and Dee Find Love","01 Nov 2012","Charlie Day, Glenn Howerton, Rob McElhenney","Richie Keen","After invading the world of the wealthy, Charlie and Dee find romance. Not to be left out, Dennis, Frank and Mac try to get in on the action.","9.1","688","22 min"
"88",88,"8","5","The Gang Gets Analyzed","08 Nov 2012","Luvh Rakhe","Todd Biermann","When Dee gets asked by her therapist to bring in her so called 'issues', Dee brings in the whole gang. And since they have all been called in, they have their own one on one therapy sessions, while many issues arise.","8.7","466","22 min"
"89",89,"8","6","Charlie's Mom Has Cancer","15 Nov 2012","Scott Marder, Rob Rosell","Richie Keen","Charlie's Mom tells him she has cancer. The gang tries to help her out, each in their own way. Meanwhile, Frank thinks his mind may be slipping.","7.8","422","22 min"
"90",90,"8","7","Frank's Back in Business","29 Nov 2012","Dave Chernin, John Chernin","Richie Keen","Under threat of a hostile takeover, the board of Frank's old company calls him back to run the company. As before, Frank maximizes the company's product: money. Dennis, Mac and Dee find ...","8.2","378","22 min"
"91",91,"8","8","Charlie Rules the World","06 Dec 2012","David Hornsby","Matt Shakman","The gang starts playing an online video game and Charlie becomes obsessed with becoming the best player in the game. Meanwhile, Dennis is upset everyone else is playing the game all the time and not out enjoying the real world.","8.4","392","22 min"
"92",92,"8","9","The Gang Dines Out","13 Dec 2012","Mehar Sethi","Matt Shakman","The gang turns up at the same restaurant for dinner at three different tables. They pretend not to notice they noticed they are noticing each other. Then the one-upmanship begins.","8.7","432","22 min"
"93",93,"8","10","Reynolds vs. Reynolds: The Cereal Defense","20 Dec 2012","Charlie Day, Glenn Howerton, Rob McElhenney","Richie Keen","When Frank accidentally hits Dennis's car while Dennis is eating cereal, Frank and Dennis go to the Paddy's Pub court to face off on who will pay for the damages.","8.7","386","22 min"
"94",94,"9","1","The Gang Broke Dee","04 Sep 2013","Charlie Day, Glenn Howerton, Rob McElhenney","Richie Keen","Dee embraces the desperate, self-loathing qualities the guys have beaten her into over the years, sending her stand-up comedy to unexpected places.","8.8","585","22 min"
"95",95,"9","2","Gun Fever Too: Still Hot","11 Sep 2013","Charlie Day, Glenn Howerton, Rob McElhenney","Todd Biermann","After Frank appears on TV advocating gun ownership, the rest of the gang takes a look at the ownership process and alternatives to find common ground.","8.4","430","22 min"
"96",96,"9","3","The Gang Tries Desperately to Win an Award","18 Sep 2013","David Hornsby","Richie Keen","The gang attempts to win the award for Philidelphia's Best Bar.","9.3","716","22 min"
"97",97,"9","4","Mac and Dennis Buy a Timeshare","25 Sep 2013","Dave Chernin, John Chernin","Daniel Attias","After making some very questionable investment choices, the gang try to dump their losses on Ben The Soldier while they look for the man who is pulling their strings.","8.1","409","22 min"
"98",98,"9","5","Mac Day","02 Oct 2013","Charlie Day, Glenn Howerton, Rob McElhenney","Richie Keen","Each member of the gang gets a day to do what they want while the others must participate. Mac's Day involves him and his cousin, known as ""Country Mac"", doing things that are bad ass. But ...","8.6","435","22 min"
"99",99,"9","6","The Gang Saves the Day","09 Oct 2013","Dave Chernin, John Chernin","Daniel Attias","While making a beer run at a local convenience store, the gang witnesses a robbery taking place and each one comes up with a scenario that will save the day and render them heroes.","9.1","615","22 min"
"100",100,"9","7","The Gang Gets Quarantined","16 Oct 2013","David Hornsby","Heath Cullens","When a severe flu outbreak sweeps Philadelphia the gang voluntarily quarantine themselves inside of Paddy's.","8.8","417","22 min"
"101",101,"9","8","Flowers for Charlie","23 Oct 2013","David Benioff, D.B. Weiss","Daniel Attias","When an experiment successfully multiplies Charlie's intellect and takes him away from the bar, the rest of the gang find themselves struggling to complete the menial 'Charlie Work' that has kept the bar running for so long.","8.7","394","22 min"
"102",102,"9","9","The Gang Makes Lethal Weapon 6","30 Oct 2013","Scott Marder, Lance Krall (staff writer)","Daniel Attias","After creative differences over what constitutes tasteful nudity cause Frank to pull his money out of Lethal Weapon 6 during filming, Mac, Dennis, and Charlie screen their rough footage for...","8.1","364","22 min"
"103",103,"9","10","The Gang Squashes Their Beefs","06 Nov 2013","Rob Rosell, Lance Krall (staff writer)","Todd Biermann","When some bad blood with old foes compromises their ideal Thanksgiving, the gang decides to make amends by breaking bread with those they've hurt.","8.4","349","22 min"
"104",104,"10","1","The Gang Beats Boggs","14 Jan 2015","Dave Chernin, John Chernin, Lance Krall (story)","Todd Biermann","The gang try to beat a record set by Wade Boggs of 70 beers on a cross-country flight.","8.6","580","22 min"
"105",105,"10","2","The Gang Group Dates","21 Jan 2015","Rob Rosell","Richie Keen","The gang decides to start a group dating service at Paddy's.","9.0","512","22 min"
"106",106,"10","3","Psycho Pete Returns","28 Jan 2015","Charlie Day, Glenn Howerton, Rob McElhenney","Todd Biermann","Mac and Charlie are excited for the return of their old high school friend, Pete, while the rest of the gang fears for his psychotic behavior.","7.9","347","22 min"
"107",107,"10","4","Charlie Work","04 Feb 2015","Charlie Day, Glenn Howerton, Rob McElhenney","Matt Shakman","Charlie's in charge when a surprise health inspection interrupts a less than hygienic project. He rallies the gang together to make sure Paddy's passes the test.","9.8","1300","22 min"
"108",108,"10","5","The Gang Spies Like U.S.","11 Feb 2015","David Hornsby","Matt Shakman","When Dennis and Mac send Dee to spy on the fish factory across the street, Frank and Charlie become suspicious themselves.","8.4","340","22 min"
"109",109,"10","6","The Gang Missess the Boat","18 Feb 2015","N/A","Richie Keen","The gang decides to spend some time apart in order to find out who they really are.","9.1","260","22 min"
"110",110,"10","7","Mac Kills His Dad","25 Feb 2015","Dave Chernin, John Chernin, David Hornsby","Heath Cullens","After Mac's dad is suspected of murder, Mac sets out to clear his father of any wrong doing.","8.4","278","22 min"
"111",111,"10","8","The Gang Goes on Family Fight","04 Mar 2015","N/A","N/A","When the gang appears on a nationally broadcast game show, Dennis does his best to make a good impression.","8.6","116","22 min"
"112",112,"10","9","Frank Retires","11 Mar 2015","N/A","Richie Keen","When Frank decides to retire, the gang fights over who is in now charge of the bar.","8.5","175","22 min"
"113",113,"10","10","Ass Kickers United: Mac and Charlie Join a Cult","18 Mar 2015","N/A","Heath Cullens","Mac and Charlie become brain washed by a cult.","8.2","116","22 min"
